"id","name","publisher_id","setting_id","perspective_id"
1,Alter Ego,1,,
2,Ark Pandora,2, 6, 4
3,Mr Mephisto,3,,4
4,Super Bowl XX,4,,
5,Geoff Cape's Strongman Challenge,5,,
6,PSI 5 Trading Company,6, 2, 
7,Thrust,7, 2, 3
8,Doctor Who and the Mines of Terror,8,,3
9,Mugsy's Revenge,9,,4
10,Captain Kidd,3,,4
11,Uridium,10, 2, 1
12,Winter Olympics,11,,
13,Specventure,12,,4
14,Willow Pattern,7,,
15,Tomahawk,13,,
16,Zoids,5, 2, 4
17,Mr. Puniverse,12, 10, 4
18,Locomotion,12,,4
19,Gun.Smoke (Arcade),14, 5, 2
20,Green Beret (Arcade),15, 7, 1
21,Express Raider,16, 5, 1
22,Monty on the Run,17,,4
23,Koronis Rift,1,,5
24,Ballblazer,1,,5
25,Rock 'n' Wrestle,9,,
26,Kane,12, 5, 
27,Chimera,7,,4
28,Bounder,17,,2
29,Fight Night,6,,
30,Little Computer People,1, 1, 4
1015,Enduro Racer,141,,10
32,Lucifer's Realm,6,,
33,Mission Asteroid,6, 2, 
34,Lord of the Rings - Game One,9, 8, 
35,Mindshadow,1,,
36,The Never Ending Story,4, 8, 
37,Terrormolinos,9, 11, 
38,Robin of Sherwood - The Touchstones of Rhiannon,19, 8, 
39,Questprobe 2 - Spiderman,19, 10, 
40,Tower of Despair,20, 8, 
41,Silent Service,6, 3, 
42,Cauldron 2 - The pumpkin strikes back,21, 8, 4
43,Ping Pong,22,,
44,Elite,7, 2, 9
45,Knight Games,23, 9, 
46,Revs,7,,
47,Gun Fright,24, 5, 8
48,International Karate,25, 17, 4
49,Five-a-side soccer,26, 1, 1
50,Spellbound,26,,4
51,A View to a kill,27, 12, 3
53,Green Beret,22, 7, 1
54,Empire!,7, 2, 4
55,V - The computer game,4, 13, 4
56,Fairlight,234,,7
57,Devil's Crown,12,,4
755,Rockman,12,,4
59,Ice Palace,26,,4
60,Kikstart,12,,1
61,The Comet Game,7,,
62,Elektra Glide,23,,
63,The Eidolon,1, 8, 5
64,Sweevo's World,29,,8
65,Bomb Jack,30,,4
66,Quake minus one,31,,5
67,Commando,30, 7, 2
68,Yie Ar Kung-Fu,22, 17, 4
69,Doomdark's Revenge,32, 8, 
70,Kentilla,12, 8, 
71,Leaderboard,6,,4
72,Bombo,2,,4
73,The Planets,5, 13, 5
74,N.E.X.U.S.,33,,3
75,Solo Flight Plus,6, 4, 5
76,Acrojet,6, 4, 5
77,Bounces,32, 9, 4
78,Southern Belle,10,,5
79,Biggles,34, 7, 1
90,Return of the Space Warriors,39, 13, 4
81,Mermaid Madness,35, 3, 3
82,Boulderdash III,36, 2, 3
91,Hang On,40,,
84,Ollie's Follies,37,,4
85,Slamball,37,,2
86,Moon Shuttle,37, 2, 2
87,Shamus,37, 8, 4
88,Breakdance,37, 1, 
89,International Volley,38,,8
92,World Cup,41,,3
93,Jail Break,15, 14, 1
94,Bored of the Rings,42, 8, 
95,Ballyhoo,43,,
96,Seabase Delta,7, 14, 4
97,Questprobe III: The Fantastic Four,6, 13, 4
98,The Very Big Cave Adventure,42,,4
99,Redhawk,9, 13, 4
100,Infiltrator,6, 12, 
102,Tubular Bells,44,,
103,Icups,7, 2, 2
104,Saboteur,45, 12, 4
105,Superstar Ping Pong,6,,4
106,Legend of the Amazon Women,6, 8, 1
107,Tau Ceti,42, 2, 5
108,Samantha Fox Strip Poker,5, 15, 
1071,Pin Point,52,,8
110,The Way of the Tiger,17, 17, 1
111,Murder on the Mississippi,1,,1
112,Ghosts'n'Goblins,30, 11, 3
113,Time Trax,46, 13, 4
114,Mandragore,47, 8, 3
115,Mystery Voyage,48, 3, 
116,Rebel Planet,6, 13, 
117,Go for the Gold,37,,1
118,Iridis Alpha,10, 2, 1
119,Beyond the Forbidden Forest,6, 11, 1
120,Batman,4, 10, 8
121,Dragon's Lair,49, 8, 
122,Hole in One,26,,
123,Mission Elevator,50, 12, 2
124,Parallax,4, 2, 3
125,Collapse,7,,4
126,Miami Vice,4, 14, 2
127,Hijack,35, 14, 4
128,W.A.R,5, 2, 1
129,Street Olympics,12,,1
130,Knight Rider,4, 14, 
131,Monty on the Run,17,,4
132,Hacker II,1, 14, 4
133,Heartland,7, 8, 
134,Super Cycle,6,,4
135,Kikstart II,12,,1
136,Graphic Adventure Creator,51,,
137,Hunchback - the Adventure!,4, 9, 4
138,World Games,6,,3
139,Jack the Nipper,17,,4
140,Paperboy,30,,7
141,Winter Events,52,,3
142,Two on Two,1,,4
143,Mind Pursuit,6,,4
144,(It's) Clean up Time,53,,4
145,Sanxion,54, 2, 1
146,Mission Omega,55, 13, 
147,Fungus,53, 2, 4
148,Legionnaire,52, 7, 2
149,Glider Rider,56, 12, 
150,Asterix and the Magic Cauldron,9, 9, 4
151,Skyfox,57, 4, 4
152,Alleykat,10, 13, 2
153,Miami Dice,3,,4
154,Robo Knight,52, 8, 
155,Velocipede II,53,,1
156,Johnny Reb II,58, 7, 4
157,Vietnam,6, 7, 4
158,Tass Times in Tone Town,1, 13, 
159,The Sentinel,7, 13, 5
160,Pippo,12,,4
161,Uchi Mata,5,,4
162,Movie Monster,6,,3
163,Highway Encounter,17, 13, 7
164,Boulderdash Construction Kit,36,,3
165,Street Surfer,38,,4
166,Trailblazer,17, 2, 5
167,Ace of Aces,6, 7, 3
168,The Sacred Armour of Antiriad,21, 13, 4
169,Matrix & Laserzone,57, 2, 
170,Assault Machine,33, 7, 
171,1942,30, 7, 2
172,Arena,58, 13, 5
173,Finders Keepers,12, 9, 4
174,Frank Bruno's Boxing,30,,4
175,Think!,57,,4
176,180,26,,4
177,The Pawn,59, 8, 
178,Leather Goddesses of Phobos,1, 13, 
179,Kwah!!,9, 13, 
180,Cobra,4, 14, 1
181,Revolution,6,,7
182,Panther,12, 13, 7
183,Super Huey II,6, 4, 5
184,Nuclear Embargo,50, 13, 4
185,The Great Escape,4, 7, 8
186,Classic III,17,,
187,Scooby Doo,30, 10, 3
188,Tarzan,5,,4
189,Galivan,22, 13, 3
190,The Dam Busters,6, 4, 5
191,Xcellor 8,17, 2, 
192,Fist II,9, 17, 1
193,Yie Ar Kung-Fu II,22,,1
194,Xeno,61, 2, 1
195,Judge Dredd,9, 14, 1
196,Warrior II,33, 13, 3
197,Crystal Castles,6, 8, 8
198,The Bard's Tale,57, 8, 5
199,Explorer,62,,
276,Metro-Cross,6, 13, 1
201,Park Patrol,7,,1
202,Bobby Bearing,234,,8
203,Donkey Kong,4,,4
204,Xevious,6, 2, 2
205,Avenger,17,,3
206,Space 2,63, 13, 
207,Gauntlet,6, 8, 3
208,Starglider,59, 2, 5
209,Storm,12, 8, 4
210,P.O.D.,12, 2, 
211,Pin Point,52,,8
212,They Stole a Million,57, 14,
213,Labyrinth,1, 8, 1
214,Aardvark,3,,4
215,Howard the Duck,1,,3
216,Shangai,1, 8, 4
217,Dragon's Lair II,49, 8, 4
218,Championship Wrestling,6,,4
219,Tenth Frame,6,,4
220,Molecule Man,12,,8
221,Space Harrier,30, 2, 5
222,Flash Gordon,26, 13, 
223,Camelot Warriors,57, 9, 1
224,Moonmist,1, 16, 
225,Kayleth,6, 13, 
226,Portal,1, 13, 4
227,Double Take,4, 13, 4
228,Knucklebusters,9, 14, 1
229,Heart of Africa,64,,3
230,Bomb Jack II,30,,4
231,L.A. Swat,12, 14, 2
232,Mutants,4, 2, 3
233,Blood'n'Guts,65, 9, 4
234,Terror of the Deep,34, 3, 5
235,Raid 2000,34, 2, 3
236,Top Gun,4, 4, 5
237,Footballer of the Year,17,,4
238,Super Soccer,22,,1
239,Peter Shilton's Handball Maradona,46,,4
240,Destroyer,6, 3, 
241,Olli and Lissa,7, 8, 4
242,Pneumatic Hammers,7,,4
243,Zub,12, 13, 
244,Agent Orange,56, 13, 1
245,The Inheritance,47,,
246,Impossaball,10,,
247,West Bank,17, 5, 4
248,Short Circuit,4, 13, 
249,Cyrus II,66,,4
250,Master Chess,12,,4
251,Future Knight,17, 13, 3
252,Star Soldier,56, 13, 1
253,Vera Cruz,47, 16, 
254,Gunship,67, 4, 5
256,Explorer,35, 13, 4
257,Jail Break,15, 14, 1
258,Leviathan,23, 2, 7
259,Delta,54, 2, 1
260,Express Raider,6, 5, 1
261,Transformers,1, 13, 
262,Hive,7, 13, 5
263,Sailing,1, 3, 5
264,Indoor Sports,68,,4
265,Hyperbowl,12, 13, 3
266,Zone Ranger,12, 2, 3
267,Firetrack,35, 2, 2
268,Aliens,35, 13, 1
269,Magic Madness,52, 8, 1
270,Void Runner,12, 2, 4
271,The Curse of Sherwood,12, 9, 4
272,Elevator Action,56, 12, 2
273,Masters of the Universe : Super Adventure,6, 13, 
274,Kobayashi Naru,12, 8, 
275,Eureka!,27,,
277,Mean 18,69,,
278,GFL Championship Football,1,,3
279,Twin Tornado,70, 4, 5
280,Shadow Skimmer,234, 13, 3
281,Nemesis the Warlock,5, 8, 1
282,Zolyx,7,,4
283,Gods and Heroes,238, 8, 4
284,Chronos,12, 2, 1
285,Doc the Destroyer,9, 8, 
286,Masters of the Universe : The Ilearth Stone,6, 8, 1
287,Auf Wiedersehen Monty,17,,4
288,Invasion,12, 7, 
289,Nether Earth,46, 13, 7
290,Romulus,56, 13, 1
291,Jumpin' Jimmy,72,,4
292,Death or Glory,42, 2, 3
293,Arkanoid,22, 13, 4
294,Enduro Racer,1,,10
295,Shadows of Mordor,9, 8, 
296,Temple of Terror,6, 8, 
297,Wizball,4, 8, 1
298,World Class Leaderboard,6,,5
299,Karate Champ,37,,4
300,Wonderboy,1, 8, 1
301,Eagles,10, 2, 1
302,Dogfight 2187,73, 2, 5
303,Spy vs Spy III : Artic Antics,36, 12, 4
304,Army Moves,22, 7, 1
305,Greyfell,73, 8, 8
306,Samurai Trilogy,17, 17, 4
307,Tag-Team Wrestling,6,,4
308,Sport of Kings,26,,1
309,Killed Until Dead,6, 16, 4
310,Mario Bros,4,,4
311,The Detective,46, 16, 3
312,Barbarian,21, 8, 4
313,Mag Max,22, 13, 1
314,Goldrunner,74, 2, 2
315,500cc Grand Prix,75,,5
316,Bubbler,24, 8, 8
317,Thing Bounces Back,17,,3
318,Livingstone...I Presume?,66,,4
319,The Last Ninja,25, 17, 8
320,Defender of the Crown,76, 9, 4
321,Sinbad and the Throne of Falcon,76, 8, 4
322,S.D.I.,76, 13, 4
323,Super Sunday,33,,1
324,Touchdown Football,57,,1
325,Bureaucracy,1,,
326,Shadows of Mordor,9, 8, 
327,Driller,51, 13, 9
328,720°,6,,7
329,Combat School,4, 7, 
330,Trantor : The Last Stormtrooper,77, 13, 1
331,Star Wars,27, 2, 3
332,Rygar,6, 8, 3
333,Tetris,34,,4
334,Test Drive,69,,5
335,Mask,17, 7, 3
336,Mask II,17, 7, 1
337,Risk,234, 2, 1
338,Jack the Nipper II - In Coconut Capers,17,,3
339,Rampage,1, 7, 4
340,Alternative World Games,17,,4
341,Track & Field,15,,1
342,Basil the Great Mouse Detective,17, 8, 4
343,Airborne Ranger,67, 7, 3
344,Mean Streak,34, 13, 7
345,Cosmic Causeway,17, 2, 5
346,Madballs,4, 13, 3
347,Western Games,57, 5, 4
348,Gary Lineker's Superstar Soccer,17,,1
349,Plundered Hearts,43, 6, 
350,Nord and Bert Could Not Make Head Nor Tail of It,43,,
351,Andy Capp,34,,4
352,Platoon,4, 7, 
353,Deflektor,17,,4
354,Flying Shark,7, 7, 2
355,Psycho Soldier,22, 13, 1
356,Hunter's Moon,54, 2, 3
357,Inside Outing,234, 16, 8
358,"I, Alien",42, 13, 1
359,Ninja Hamster,42,,4
360,Freddy Hardest,22, 2, 1
361,Firetrap,35,,2
362,Out Run,6,,5
363,Jinks,77,,1
364,Galactic Games,1, 13, 
365,Knightmare,1, 8, 4
366,Winter Olympiad 88,11,,
367,Lifeforce,42, 13, 3
368,Bad Cat,77,,
369,Match Day II,4,,1
370,Vengeance,42, 2, 2
371,Topple Zip,47, 2, 3
372,Tobruk,78, 7, 
373,Annali di Roma,78, 7, 
374,ATV Simulator,79,,1
375,Beat It,12,,4
376,Super G-Man,79, 13, 1
377,Grand Prix Simulator,79,,4
378,Eco,4, 1, 
379,Universal Military Simulator,59, 7, 
380,Dejà Vu,34, 16, 
381,"Not a Penny More, Not a Penny Less",27, 1, 
382,Jack the Ripper,42, 11, 
383,Gauntlet II,6, 8, 3
384,Project Stealth Fighter,67, 4, 5
385,Predator,1, 13, 1
386,Apollo 18,64, 2, 
387,Masters of the Universe : The Movie,17, 8, 3
388,Side Arms,77, 2, 1
389,The Hunt for Red October,80, 3, 
390,Ikari Warriors,30, 7, 2
391,Borderzone,43, 16, 
392,Jinxter,59, 8, 
393,Gunslinger,6, 5, 
394,Sidewalk,47,,
395,Bravestarr,77, 5, 1
396,Io,7, 2, 1
397,Rastan Saga,22, 8, 3
398,Sub Battle Simulator,81, 3, 
399,World Tour Golf,64,,5
400,Garfield - Big Fat Hairy Deal,234, 10, 4
402,L'Arca di Capitan Blood,82, 13, 5
403,Bmx Kidz,7,,1
404,"I, Ball II",7,,
405,Code Hunter,7, 13, 
406,Little Green Man,3, 13, 1
407,Zybex,83, 2, 1
408,Road Wars,9, 13, 5
409,Dan Dare II,84, 13, 3
410,The Train - Ecape to Normandy,64, 7, 5
411,Black Lamp,7, 8, 4
412,Soko-Ban,34,,4
413,Traz,85,,4
414,Firefly,4, 2, 3
415,Knight Games II,23, 13, 1
416,Stratton,42, 13, 3
417,Task III,86, 2, 2
418,Intrigue!,87, 16, 
932,Titan,119, 13, 3
420,Ball Raider,88, 13, 4
421,Karting Grand Prix,52,,4
422,Dark Castle,34, 9, 
423,Golden Path,7, 17, 4
424,Time Bandit,74, 8, 3
425,Terramex,80,,3
426,Rockford,9,,3
427,4th & Inches,69,,3
428,Skyfox II,64, 2, 5
429,Strike Fleet,64, 3, 5
430,Magnetron,7, 13, 8
431,Chamonix Challenge,47,,1
432,Scumball,12, 13, 4
433,Rollaround,12,,8
434,Ghostbusters,12, 13, 4
435,Run for Gold,89,,5
436,Pac Man,3,,4
437,ATF,13, 4, 9
438,Stealth Mission,90, 4, 5
439,The Chernobyl Syndrome,6,,4
440,The Corporation,1, 13, 5
441,Gee Bee Air Rally,1, 4, 5
442,Troll,21, 8, 8
443,Arkanoid II - Revenge of Doh,22, 13, 4
444,Cybernoid,10, 13, 4
445,Sherlock - The Riddle of the Crown Jewels,43, 16, 
446,Wolfman,42, 11, 
447,Samurai Warrior : The Battles of Usagi Yojimbo,7, 17, 1
448,Bedlam,77, 2, 2
449,Rimrunner,21, 2, 1
450,Gun.Smoke,77, 5, 2
451,Blood Valley,17, 8, 1
452,Rolling Thunder,6, 14, 3
453,Professional Bmx Simulator,79,,4
454,Pac-Land,56, 8, 1
455,Championship Sprint,35,,4
456,Top Fuel Challenge,6,,5
457,Frightmare,85, 11, 4
458,The Hall of the Things,7, 8, 4
459,Prowler,12, 13, 5
460,UCM,26, 13, 2
461,Herobotix,91, 13, 4
462,Gothik,7, 8, 3
463,Gryzor,4, 13, 3
670,Cybernoid II,10, 13, 4
465,Impossible Mission II,6, 13, 4
466,Northstar,17, 2, 1
467,Vampire's Empire,93, 11, 3
468,Echelon,6, 13, 5
469,Time and Magik,94, 8, 
470,Gutz,4, 13, 3
471,Lee Enfield in the Tournament of Death,47, 8, 4
472,Pandora,7, 13, 3
473,Microleague Wrestling,67,,4
474,Road Warrior,42, 13, 1
475,Alien Syndrome,234, 13, 3
476,Target Renegade,22,,1
477,Mask III - Venom Strikes Back,17, 13, 1
478,The Three Stooges,34, 10, 
479,Scout,12, 2, 1
480,Subterranea,91, 13, 1
481,Train Robbers,7, 5, 1
482,Draconus,83, 8, 4
483,Oh No!,7, 13, 3
484,Karnov,4, 8, 1
485,Obliterator,95, 13, 3
486,Beyond the Ice Palace,30, 8, 3
487,Micro Mud,84, 8, 
488,Shogoth,115, 8, 
489,John Brenner - Investigatore Privato,96, 16, 
490,La Valle Segreta,, 8, 
491,Infiltrator Part II - The Next Day,6, 12, 
492,Bionic Commando,77, 13, 3
493,The Great Giana Sisters,77, 8, 1
494,Lazer Tag,77,,3
495,Pink Panther,17,,4
496,Hercules - Slayer of the Damned,17, 8, 4
497,Vixen,5, 8, 1
498,The Way of the Exploding Fist,97, 17, 4
499,Raid Over Moscow,37, 7, 
500,Galaxian,3, 2, 4
501,Dan Dare,97, 2, 
502,The Eidolon,97, 13, 5
503,Impossible Mission,97, 12, 4
504,The Flintstones,80, 10, 4
505,4x4 Off-Road Racing,81,,5
506,International Soccer,42,,1
507,Ultima IV,98, 8, 
508,Questron II,99, 8, 
509,Skate Crazy,17,,1
510,Reflex,53,,4
511,Tube Runner,17, 13, 
671,Armalyte,54, 2, 1
513,Zork I - The Great Underground Empire,43, 8, 4
514,The Tracer Sanction,1,,
516,Knights of the Desert,99, 7, 
518,Head Over Heels,4, 8, 8
519,Ranarama,10, 8, 4
520,Spindizzy,35, 13, 8
521,Colony,12, 13, 4
522,Cholo,7, 13, 9
523,SOS,12, 13, 8
524,Big Trouble in Little China,35, 8, 1
525,The Equalizer,238, 8, 1
526,Shao-Lin's Road,234, 17, 4
527,Dizasterblaster,37, 2, 2
528,Shockway Rider,100, 13, 1
529,Star Raiders II,35, 13, 5
530,Con-Quest,26, 8, 4
531,Lazerwheel,26, 2, 4
532,Monkey Magic,101, 8, 1
533,Into the Eagle's Nest,102, 7, 3
534,Nemesis,15, 2, 1
535,Feud,12, 8, 4
536,Hollywood Hijinx,1,,
537,The Sydney Affair,47, 16, 
538,California Games,81,,
539,Road Runner,6, 10, 1
540,Oink!,42, 10, 
541,Milk Race,12,,1
542,Barbarian,95, 8, 4
543,Slap Fight,22, 13, 2
544,Max Torque,103,,5
545,Les Passengers du Vent,47, 9, 
546,Amaurote,12, 13, 3
547,Plasmatron,42, 2, 1
548,Video Meanies,12, 13, 4
549,Force One,7, 2, 1
550,Spellseeker,3, 8, 8
551,Challenge of the Gobots,57, 13, 1
552,Revs Plus,7,,5
553,Rasterscan,12, 13, 
554,The Final Matrix,17, 13, 4
555,Quartet,1, 2, 1
556,Wiz,9, 8, 4
557,Prohibition,47, 14, 3
558,Treasure Island,12, 6, 
559,The Lurking Horror,1, 11, 
560,Stifflip & Co.,21,,
561,Frankenstein,42, 11, 
688,Bombuzal,34,,7
563,Quedex,54, 2, 2
564,Tai-Pan,4, 6, 
565,Renegade,22,,1
566,Solomon's Key,6, 8, 4
567,International Karate +,25, 17, 4
568,Blazer,33, 13, 
569,Summer Events,52,,
570,Water Polo,17,,1
571,Mean City,56, 13, 3
572,Accolade's Comics,6, 10, 4
573,L'Affaire,47, 16, 
574,Moebius,67, 8, 
575,Alternate Reality : The Dungeon,104, 8, 9
576,Enlightenment - Druid II,7, 8, 3
577,Scary Monsters,7, 11, 
578,Indiana Jones and the Temple of Doom,6,,
579,Athena,22, 8, 1
580,Morpheus,10, 2, 3
581,Stationfall,43, 13, 
582,Joe Blade,53, 7, 1
583,Anarchy,91, 13, 4
584,On Cue,26,,4
585,Tunnel Vision,91, 13, 5
586,Special Agent,105, 12, 3
587,Pyramid of Time,105, 13, 
588,Motos,26, 2, 4
589,Shoot'em Up Construction Kit,106,,
590,Maniac Mansion,1, 16, 3
591,Street Hassle,9,,1
592,Thundercats,30, 8, 1
593,Super Sprint,35,,4
594,Superstar Ice Hockey,86,,1
595,Star Trek,7, 13, 
596,Backlash,107, 13, 9
597,Chessmaster 2000,64,,4
598,The Karate Kid II,74,,4
599,Zig Zag,34, 13, 7
600,Gnome Ranger,94, 8, 
601,Buggy Boy,30,,5
602,Bangkok Knights,25,,4
603,Beach Head II,37, 7, 
604,Hyper Blob,7,,1
605,On-Court Tennis,105,,4
606,Eddie Kid Jump,97,,1
607,Sunburst,91, 2, 3
608,Henry's House,12,,4
609,Brian Jack's Superstar Challenge,97,,
610,Microball,89,,4
611,X-15 Alpha Mission,1, 4, 5
612,Implosion,85, 2, 3
613,Nebulus,10,,3
614,Addicta Ball,66, 13, 4
615,Barbarian II - The Dungeon of Drax,21, 8, 4
616,Salamander,22, 2, 1
617,Hawkeye,54, 13, 1
618,Netherworld,10, 2, 3
619,Last Ninja 2,25,,8
620,Dream Warrior,6, 13, 1
621,Mickey Mouse,10, 10, 4
622,To Hell and Back,42, 8, 1
623,Mindfighter,108, 13, 
624,Fernandez Must Die,77, 7, 2
625,19 part one - Boot Camp,85, 7, 
626,Hoppin' Mad,30,,1
627,Blood Brothers,17, 13, 4
628,Basket Master,4,,4
629,Marauder,10, 13, 2
630,Typhoon,22, 4, 5
631,Street Fighter,77,,4
632,"I, Ball",7, 8, 2
633,European 5-a-side Soccer,109,,2
634,Beach Buggy Simulator,109,,1
635,Kane II,12, 5, 
636,Football Manager II,77,,4
637,Patton vs Rommel,64, 7, 
638,Ninja Scooter Simulator,109, 13, 1
639,Night Racer,12,,5
640,Professional Snooker Simulator,79,,4
641,Sword Slayer,53, 9, 4
642,Road Blasters,6, 13, 5
644,Daley Thompson's Olympic Challenge,4,,
645,Katakis,77, 2, 1
646,The Empire Strikes Back,27, 2, 9
647,The Games - Winter Edition,6,,
648,Psycho Pigs Uxb,6,,4
649,Hot Shot,110, 13, 4
650,Overlander,30, 13, 5
651,The Vindicator!,22, 13, 
652,Bard's Tale III,64, 8, 5
653,Wasteland,64, 13, 
654,BC II - Grog's Revenge,109, 10, 1
655,Mr Wino,109,,4
656,Trojan Warrior,109, 9, 1
657,LA Crackdown,6, 14, 
658,The President is Missing,67, 14, 
659,Slimey's Mine,109, 13, 4
660,Dizzy,79, 8, 4
661,Scorpius,109, 2, 1
662,Night Raider,17, 4, 5
665,N.Y. Captor,111, 14, 5
666,Get Star,111, 2, 1
667,Trojan,14,,3
668,Hampstead,9,,
669,The Fourth Protocol,112, 14, 
672,Emlyn Hughes International Soccer,113,,1
673,Street Sports Soccer,81, 0, 1
674,Foxx Fights Back!,114, 10, 1
675,Nato Assault Course,42, 7, 1
676,Soldier of Fortune,7, 8, 3
677,Intensity,7, 2, 
678,Battle Island,107, 7, 3
679,1943,7, 7, 2
681,Strip Poker 2+,52, 15, 4
682,Corruption,59, 16, 
683,"Gold, Silver, Bronze",6,,
684,Dance on a Volcano,147, 1, 4
685,Around the World In Eighty Days,102,,
686,Power Pyramids,80, 13, 4
687,Red Storm Rising,67, 3, 
689,Operation Wolf,4, 7, 1
690,Savage,7, 8, 
691,The Games - Summer Edition,6,,
692,Pac-Mania,80,,7
693,Zak McKracken and the Alien Mindbenders,6, 13, 
694,Artura,17, 8, 1
695,Maniax,52,,4
696,Captain Blood,47, 13, 9
697,By Fair Means...or Foul!,66,,4
698,Super Dragon Slayer,79, 8, 1
699,Peter Beardsley's International Football,80,,1
700,Mad Mix Challenge,6,,3
701,Live and Let Die,30, 3, 5
702,Terrorpods,9, 13, 1
703,Rambo III,4, 7, 3
704,Little Devil,116, 2, 1
705,Dreadnought,116, 3, 
706,Laser Hawk,116, 7, 1
707,Space Wars,116, 2, 4
708,Joe Blade II,53, 12, 1
709,Slayer,91, 2, 1
710,Cheap Skate,109,,7
711,Professional Skateboard Simulator,79,,7
712,Xyzolog,117, 13, 
713,Choro Q,117,,4
714,Front Line,117, 7, 2
715,Professional Ski Simulator,79,,
716,Afterburner,1, 4, 5
717,Game Over II,118, 13, 1
718,Microprose Soccer,67,,3
719,Double Dragon,9,,1
720,Fast Break,69,,
721,Guerrilla Wars,22, 7, 2
722,Caveman Ugh-Lympics,64,,
723,Total Eclipse,51, 16, 9
724,Star Trek - The Rebel Universe,7, 13, 
725,Thunderblade,6, 4, 2
726,Neuromancer,64, 13, 
727,Batman - The Caped Crusader,4,,4
728,Gary Lineker's Super Skills,17,,4
729,Robocop,4, 13, 1
730,R-Type,1, 2, 1
731,Spitting Image,27, 10, 4
732,Purple Heart,42, 7, 2
733,Fist +,25, 17, 4
734,Crazy Cars,119,,5
735,Def Con 5,67, 7, 
736,GI Hero,7, 7, 
737,Return of the Jedi,27, 13, 2
738,Supersports,17,,
739,Deathlord,64, 8, 3
740,Times of Lore,67, 8, 3
741,Motorbike Madness,12,,7
743,Microball,89,,4
744,Video Classics,7,,
745,International Rugby Simulator,79,,1
746,Turbo Boat Simulator,79, 3, 1
747,5th Gear,91,,2
748,Bandits at Zero,26, 4, 1
749,Megabolts,12,,4
750,Dork's Dilemma,17, 13, 4
751,Classic Snooker,17,,4
752,Project Nova,17, 2, 4
753,Bounder & Planet Search,17,,
754,Hektik,12,,4
756,Thai Boxing,52, 17, 4
757,Berks,238, 13, 4
758,Diamond Mine,120,,4
759,Xargon Wars,17, 2, 4
760,G-Man,79, 2, 1
761,Oblido,12,,4
762,Star Games,17,,
763,Booty,7, 6, 4
764,Hyperforce,57, 2, 4
765,Bubble Trouble,53, 3, 4
766,Sport 4,52,,
767,Kikstart,12,,1
768,Monty on the Run,17,,4
769,Bridgehead,52, 7, 1
770,Starburst,57, 13, 4
771,One Man and His Droid,12, 13, 3
772,Petals of Doom,17, 2, 1
773,Panic Penguin,72,,4
774,C16 Classics II,17,,
775,Guzzler,53,,4
776,The Magician's Curse,17, 8, 1
777,Danger Zone,79, 2, 1
778,Killapede,53,,4
779,Rescue from Zylon,17,,4
780,Street Olympics,12,,1
781,Fingers Malone,12, 13, 4
782,Big Mac,12,,4
783,Tutti Frutti,12,,4
784,Squirm,12,,4
785,Varmit,53,,4
787,Terra Cognita,79, 13, 2
788,Droid One,3, 13, 4
789,Power Ball,12,,1
790,Gun Law,12, 7, 2
791,Speed  King,12,,5
1786,Trio,12, 1, 1
793,Astro Plumber,120, 13, 4
794,Battle,12, 7, 4
795,Runner,7, 13, 4
796,Vegas Jackpot,12,,4
797,Leaper,3,,4
798,Auriga,53, 2, 4
799,Video Poker,38,,4
800,Ace,85, 4, 5
801,Formula I Simulator,12,,5
802,Voidrunner + Hellgate,57, 2, 4
803,Shark Attack,7, 3, 4
804,Skyhawk,3, 13, 4
805,Harvey Headbanger,7,,4
806,Wimbledon,17,,4
807,Spiky Harold,7,,
808,Kung-Fu Kid,17, 17, 1
809,Jail Break,3,,4
811,Spectipede,12,,4
812,Prospector Pete,12,,4
813,Dragon Ninja,22,,1
814,Technocop,17, 14, 
815,Circus Games,11,,
816,Superman,11, 13, 
817,Shoot Out,5, 5, 4
818,Hellfire,5, 4, 9
819,Spaceball,121,,4
820,Tiger Road,77, 17, 1
821,Who Framed Roger Rabbit,68, 10, 
822,Espionage,80, 12, 4
823,Rack'Em,69,,4
824,Victory Road,22, 13, 2
825,Roy of the Rovers,17, 16, 1
826,Serve & Volley,69,,4
827,Space Racer,122, 13, 5
828,Starray,123, 2, 1
829,TKO,69,,5
830,Fish!,59, 13, 
831,Ingrid's Back!,59, 8, 
832,Ultima I,98, 8, 
833,Ultima V,98, 8, 
834,Led Storm,77, 13, 2
835,Rocket Ranger,34, 7, 
836,Dynamic Duo,7, 8, 1
837,Incredible Shrinking Sphere,1, 13, 7
838,The Munsters,124, 11, 
839,Menace,95, 2, 1
840,Better Dead than Alien,125, 13, 4
841,Michael Jordan vs Larry Bird One on One,64,,4
842,Soldier of Light,126, 13, 1
843,Operation Hormuz,124, 3, 1
844,Wec Le Mans,22,,5
845,Gladiator,3, 9, 4
846,Warlock's Quest,47, 8, 1
847,Powerplay Hockey,64,,1
848,The Legend of Blacksilver,6, 8, 
849,The Mars Saga,64, 13, 
850,Lane Mastodon vs. The Blubberman,43, 10, 4
851,Zorkquest II : The Crystal of Doom,43, 10, 4
852,Gaplus,12, 2, 4
853,Airwolf,128, 13, 3
854,Ocean Conqueror,91, 3, 
855,Battle Ships,128, 7, 4
856,Chopper Commander,83, 13, 3
857,Elevator Action,3, 12, 2
858,Footballer of the Year,129,,4
859,Frank Bruno's Boxing,128,,4
860,Saboteur,128, 12, 4
861,Camelot Warriors,12, 9, 1
862,Bomb Jack,128,,4
863,Strike Force Cobra,89, 14, 8
864,Skateboard Joust,109,,1
865,Ball-Blasta,83,,4
866,Ghost Hunters,79, 11, 4
867,Gribbly's Day Out,91, 13, 1
868,Jocky Wilson's Darts Challenge,83,,4
869,Master Blaster,83, 2, 2
870,Golf Master,91,,4
871,Peter Pack Rat,7,,3
872,Jet Bike Simulator,79, 3, 4
873,Pasteman Pat,109,,4
874,Rock'n'Bolt,97,,8
875,Steel,91, 2, 1
876,Superhero,79, 8, 8
877,Super Stunt Man,79,,2
878,Terrafighter,83, 2, 1
879,Zamzara,91, 2, 1
880,Zak McKracken II - The Mindbenders Are Back,6, 13, 7
881,Blasteroids,34, 2, 4
882,4 Soccer Simulators,79,,3
883,Supertrux,30,,5
884,Butcher Hill,17, 7, 
885,Wanderer,30, 2, 9
886,Ace 2088,85, 2, 9
887,F-14 Tomcat,1, 4, 5
888,The Deep,6, 3, 4
889,Willow,68, 8, 
890,Grand Prix Circuit,64,,5
891,Denaris,121, 2, 1
892,War in Middle Earth,9, 8, 3
893,Mini Golf,17,,4
894,Eliminator,10, 2, 5
895,DNA Warrior,131, 13, 1
896,Rygar,129, 8, 3
897,Dan Dare II,84, 13, 3
898,Tomcat,53, 13, 2
899,Orion,91, 2, 1
900,Xeno,3, 2, 1
901,Typhoon of Steel,99, 7, 4
902,Frank Bruno's Boxing,30,,4
903,Hektik,12,,4
904,Legionnaire,52, 7, 2
906,Renegade III : The Final Chapter,22,,1
907,Dark Fusion,17, 2, 1
908,Gary Lineker's Hot Shot,17,,2
909,Last Duel,6, 13, 2
910,Chicago's 30,6,,1
911,Human Killing Machine,6,,4
912,A Rock Star Ate My Hamster,79, 1, 4
913,Silk Worm,132, 7, 1
914,Run the Gauntlet,4,,3
915,Action Service,47, 7, 1
916,The Real Ghostbusters,1, 13, 3
917,Battles of Napoleon,99, 7, 4
918,Motor Massacre,17, 13, 3
919,Arcade Muscle,6,,
920,Little Computer People,97, 1, 4
921,Action Force,26, 7, 1
922,Speed Zone,12, 2, 4
923,Bomb Fusion,12, 12, 4
924,Turbo Esprit,128, 14, 5
925,Heavy Metal Paradroid,129, 2, 3
926,Krakout,129,,4
927,Advanced Pinball Simulator,79,,4
928,Olympic Skier+Dizasterblaster+Pacmanic,89,,
929,Speedball,114, 13, 2
930,Forgotten Worlds,6, 2, 1
931,Xenon,9, 2, 2
933,The Muncher Eat Chewits,17, 13, 1
934,Hillsfar,6, 8, 
935,Mayday Squad,11, 14, 9
936,Tom & Jerry,93, 10, 1
937,Vardan,133, 8, 1
938,Para Assault Course,83, 7, 1
939,Octoplex,12, 2, 3
940,Colosseum,129, 9, 1
941,Manic Miner,12,,4
942,Las Vegas Casino,83,,4
943,Phobia,34, 2, 1
944,Stormlord,10, 8, 1
945,3D Pool,7,,6
946,The Running Man,80, 13, 1
947,H.A.T.E.,17, 2, 7
948,Journey to the Centre of the Earth,6,,4
949,Project Firestart,64, 13, 4
950,The Duel - Test Drive II,69,,5
951,Gilbert - Escape from Drill,124, 8, 1
952,Jack Nicklaus' Greatest 18 Holes of Major Championship Golf,69,,5
953,Danger Freak,6,,1
954,Navy Moves,118, 3, 1
955,Attacked!,134, 13, 9
956,Grand Monster Slam,121, 8, 4
957,Sanxion - The Spectrum Remix,54, 2, 1
958,Circus Attractions,121,,
959,Navy Seal,67, 7, 
960,Baal,9, 13, 3
961,Red Heat,4, 14, 1
962,Beam,93,,4
963,Blackjack Academy,135,,4
964,Simulgolf,136,,4
965,Storm Across Europe,99, 7, 4
966,Overrun!,99, 7, 4
967,Halls of Montezuma,137, 7, 4
968,Titanic,129, 3, 3
969,Le Mans,117,,5
970,Blackbeard,129, 6, 3
971,Kokotoni Wilf,128, 8, 
972,Tetris,12,,4
973,Star Paws,89, 2, 1
974,Battletech,43, 13, 3
975,Rainbow Islands,4, 8, 2
976,Citadel,35, 13, 3
977,Total Eclipse II - The Sphinx Jinx,51, 16, 9
978,Rick Dangerous,7,,3
979,Dominator,25, 2, 3
980,Licence to Kill,27, 12, 2
981,Vigilante,6,,1
982,Kick Off,52,,1
983,Super Scramble Simulator,17,,1
984,Jaws,138, 3, 
985,Time Scanner,1,,4
986,Spherical,121, 8, 4
987,Xybots,27, 13, 6
988,American Club Sports,68,,4
989,1942,128, 7, 2
990,Jack the Nipper,129,,4
991,Saboteur 2,45, 12, 4
992,Scooby Doo,128, 10, 3
993,Ninja Commando,83, 17, 1
994,Ninja Massacre,79, 8, 3
995,Tank Attack,139, 7, 4
996,Heroes of the Lance,6, 8, 1
997,The New Zealand Story,4, 8, 3
998,Tusker,25,,4
999,APB,27, 14, 3
1000,First Strike,30, 4, 6
1001,Iron Lord,140, 9, 4
1002,Indiana Jones and the Last Crusade - The Action Game,6, 12, 3
1003,Mr. Heli,7, 13, 3
1004,Hostages,47, 14, 
1005,Thunderbirds,80, 10, 1
1006,Buffalo Bill's Wild West Rodeo Show,11, 5, 4
1007,International Team Sports,68,,
1008,Passing Shot,114,,2
1009,Shinobi,84, 17, 3
1010,The Story So Far Vol 2,30,,
1011,Rescue on Fractaculus,12, 2, 9
1012,Sigma Seven,128, 2, 7
1013,Rally Cross,79,,3
1014,Rambo - First Blood Part II,141, 7, 3
1016,Ghosts'n'Goblins,128, 11, 3
1017,Crystal Castles,129, 8, 8
1018,Daley Thompson's Decathlon,141,,
1019,Paperboy,128,,7
1020,Batman the Movie,4, 10, 3
1021,The Untouchables,4, 14, 
1022,Power Drift,1,,6
1023,Dynamite Dux,1, 10, 1
1024,Altered Beast,1, 8, 1
1025,Terry's Big Adventure,80, 8, 1
1026,Oil Imperium,143, 1, 4
1027,F.1 Manager,136,,4
1028,Captain Fizz,95, 13, 
1029,Continental Circus,84,,5
1030,Omni-Play Basketball,68,,
1031,Skateball,140, 13, 1
1032,Rainbow Warrior,144,,
1033,Zzap! Sizzler,6,,
1034,The Story So Far Vol 4,30,,
1035,The Star Wars Trilogy,27, 13, 
1036,Game Crazy,17,,
1037,Kendo Warrior,145, 17, 1
1038,Mindtrap,12,,4
1039,Pitstop II,129,,5
1040,Soldier of Light,146, 13, 1
1041,Fruit Machine Simulator,79,,4
1042,Wizball,141, 8, 1
1043,Pro Powerboat Simulator,79, 3, 2
1044,Gemini Wing,84, 2, 2
1045,Turbo Out Run,6,,5
1046,Cabal,4, 7, 4
1047,Stunt Car Racer,144,,9
1048,Battle Chess,64, 9, 4
1049,Myth,25, 8, 1
1050,Wicked,35, 13, 4
1051,Chase H.Q.,4, 14, 6
1052,Strider,6, 8, 1
1053,Xenophobe,144, 13, 1
1054,Operation Thunderbolt,4, 7, 5
1055,Dragon Spirit,27, 8, 2
1056,Oxxonian,121, 13, 3
1057,Christmas Collection,10,,
1058,Ballistix,95, 13, 2
1059,Fighting Soccer,1,,2
1060,Treasure Island Dizzy,79, 8, 4
1061,Hyper Sports,141,,
1062,Cobra,141, 14, 1
1063,Street Fighter,129, 17, 4
1064,Ghouls'n'Ghosts,6, 11, 1
1065,Retrograde,54, 2, 3
1066,P.O.D.,12, 2, 
1067,Winter Events,52,,3
1068,Xcellor 8,17, 2, 
1069,Yie Ar Kung-Fu,22, 17, 4
1070,Wimbledon,17,,4
1072,Star Games I,17,,
1073,They Sold a Million II,1,,
1074,They Sold a Million III,1,,
1075,Big Names Bonanza,6,,
1076,10 Five Star Games,148,,
1077,Shoot'em Ups,6,,
1078,Now Games I,84,,
1079,Now Games II,84,,
1080,Now Games III,84,,
1081,10 Computer Hits III,148,,
1082,Platform Perfection,6,,
1083,Uridium Plus/Paranoid,10, 2, 
1084,Konami's Coin-op Hits,22,,
1085,MSX Classics,17,,
1086,Six Pack,30,,
1087,Atari Smash Hits Vol. 5,23,,
1088,Atari Smash Hits Vol. 6,23,,
1089,Hit Pack,30,,
1090,Classic III,17,,
1091,Sport 4,52,,
1092,MSXtra,66,,
1093,Epyx Epics,6,,
1094,Power Pack,52,,
1095,Elite Collection,30,,
1096,Live Ammo,4,,
1097,"Game, Set & Match",4,,
1098,Magnificent 7,4,,
1099,Solid Gold,6,,
1100,Ten Great Games,17,,
1101,6-Pak,30,,
1102,Computer Hits 4,148,,
1103,Summer Gold,6,,
1104,Five Star 3,52,,
1105,Stars on 128,4,,
1106,6-Pak Volume III,30,,
1107,10 Great Games II,17,,
1108,Top Ten Collection,30,,
1109,Spy vs Spy Trilogy,86, 12, 4
1110,Konami Arcade Collection,22,,
1111,Computer Classics,148,,
1112,We Are The Champions,4,,
1113,Arcade Alley,6,,
1114,Arcade Force Four,6,,
1115,10 Great Games III,17,,
1116,Fists'n'Throttles,30,,
1117,Taito Coin-op Hits,22,,
1118,10 Mega Games v.1,17,,
1119,Flight Ace,30, 4, 
1120,"Game, Set & Match 2",4,,
1121,Giants,30,,
1122,Frank Bruno's Big Box,30,,
1123,Sports World 88,6,,
1124,Command Performance,6,,
1125,The In Crowd,4,,
1126,Star Light,147, 2, 2
1127,1943,147, 7, 2
1128,Raptor,147,,4
1129,Idleness,147, 13, 4
1130,Andromeda,147, 13, 2
1131,Sky Light,147, 2, 2
1132,Bridges'n'Roads,147, 14, 2
1133,Psychofantasy,147, 2, 2
1134,Motorway Runner,147,,
1135,Zombie's Day,147, 11, 2
1136,Danger Zone,147, 2, 2
1137,Danger Car,147, 7, 2
1138,Boanerges,147, 2, 2
1139,A.S.T.R.O.,147, 2, 2
1140,The Land of Solaria,115, 2, 2
1141,The Forest of Aurora,115, 13, 1
1142,Lesp,147, 7, 2
1143,Settore Omega,147, 2, 2
1144,Mutant's Lair,147, 8, 4
1145,Suicide Mission,147, 5, 
1146,Supporter,147, 2, 2
1147,The Last Eretics,147, 11, 2
1148,Wizard Fighting,147, 8, 4
1149,Hordes from Hell,147, 11, 2
1150,Bat Revenge,147, 13, 2
1151,Arcade Time,147,,2
1152,Fire Street,147,,2
1153,AIDS Killer,147, 13, 2
1154,Super Mario Bros 2,150, 8, 1
1155,Zak McKracken and the Alien Mindbenders (ita),6, 13, 
1156,The Ninja Warriors,84, 17, 1
1157,Double Dragon II - The Revenge,84,,1
1158,Bushido - The Way of the Warrior,7, 17, 4
1159,Moonwalker,6,,1
1160,Ghostbusters II,1, 13, 
1161,Tom & Jerry 2,93, 10, 1
1162,Carrier Command,59, 4, 
1163,Footballer of the Year 2,17, 1, 
1164,Volleyball Simulator,121,,4
1165,Coin-Op Hits,6,,
1166,Winners!,6,,
1167,Vendetta,25, 12, 
1168,Fighter Bomber,1, 4, 9
1169,Toobin',27, 3, 2
1170,Dragon Wars,64, 8, 5
1172,Eye of Horus,123,,1
1173,Snare,54, 13, 3
1174,Doctor Doom's Revenge,151, 13, 1
1175,Dan Dare III - The Escape,84, 13, 4
1176,Wonder Boy in Monster Land,1, 8, 1
1177,Curse of the Azure Bonds,99, 8, 5
1178,100% Dynamite,4,,
1179,House Mix,17,,
1180,Thrill Time Gold 2,30,,
1181,Megamix,4,,
1182,Super Sprint,141,,4
1183,Renegade,141,,1
1184,War,152, 2, 1
1185,Frank Bruno's Boxing,128,,4
1186,4th Dimension,10,,
1187,Sim City,47, 1, 4
1188,Maze Mania,10,,
1189,Blue Angels 69,93,,4
1190,Jonah Barrington's Squash,12,,4
1191,Presumed Guilty!,153, 16, 
1192,Windwalker,98, 17, 
1193,Chambers of Shaolin,80, 17, 4
1194,Gazza's Super Soccer,151,,
1195,Hard Drivin',27,,9
1196,The Champ,154,,4
1197,Knights of Legend,98, 8, 
1198,Cowboy Kidz,145, 5, 2
1199,Critical Mass,128, 2, 3
1200,Track and Field II,150,,
1201,Mask,145, 13, 3
1202,Turrican,121, 13, 3
1203,P-47,7, 4, 1
1204,Black Tiger,6, 17, 1
1205,Pipemania,151,,4
1206,Rock'n'Roll,121, 13, 3
1207,Grand Prix Simulator 2,79,,4
1208,Hercules - Slayer of the Damned,145, 8, 4
1209,Blue Angels,69, 4, 9
1210,Weird Dreams,59, 11, 4
1211,Space Harrier II,80, 2, 6
1212,Ferrari Formula One,64,,9
1213,Bionic Commando,129, 13, 3
1214,1943,129, 7, 2
1215,World Soccer,83,,4
1216,Mountain Bike Racer,83,,1
1217,The Biz,4,,
1218,Panzer Battles,137, 7, 4
1219,Sentinel Worlds I - Future Magic,64, 13, 
1220,Hot Rod,1,,3
1221,X-Out,121, 2, 1
1222,Fiendish Freddy's Big Top O' Fun,68,,
1223,Scramble Spirits,80, 13, 2
1224,Space Rogue,98, 13, 
1225,Super Volleyball,149,,
1226,Franco Baresi World Cup Kick Off,52,,3
1227,World Cup Soccer Italia '90,84,,6
1228,Worldcup 90,155,,1
1229,MoonShadow,156, 8, 1
1230,War of the Lance,99, 7, 4
1231,Maniac Mansion,18, 16, 3
1232,Winter Games,129,,
1233,Spy vs Spy,157, 12, 4
1234,Platoon,141, 7, 
1235,Overlander,128, 13, 5
1236,Championship Jet-Bike Simulator,79, 3, 4
1237,Hoppin' Mad,129,,1
1238,The Flintstones,3, 10, 4
1239,International 3D Tennis,21,,4
1240,Pro Tennis Tour,140,,4
1241,TV Sports: Football,34,,2
1242,Cloud Kingdoms,123, 8, 3
1243,Champions of Krynn,99, 8, 5
1244,Castle Master,27, 16, 9
1245,Crack Down,6, 14, 3
1246,Impossamole,17, 8, 1
1247,Hammerfist,1, 13, 1
1248,Ninja Spirit,1, 17, 1
1249,E-Motion,6, 13, 3
1250,Search for the Titanic,42, 3, 4
1251,Sonic Boom,1, 7, 2
1252,Heavy Metal,158, 7, 9
1253,AMC - Astro Marine Corps,118, 13, 1
1254,Pc Kid,159, 10, 1
1255,Dragon's Lair,128, 8, 
1256,Quartet,141, 2, 1
1257,Might & Magic II,6, 8, 5
1258,Grave Yardage,1, 8, 1
1259,Die Hard,1, 14, 1
1260,Blood Money,95, 2, 3
1261,Dinasty Wars,6, 17, 1
1262,Defenders of the Earth,6, 13, 1
1263,Satan,118, 8, 3
1265,World Court Tennis,149,,4
1266,Tiger Heli,149, 7, 2
1267,G.P. Tennis Manager,136,,2
1268,Escape from the Planet of the Robot Monsters,27, 13, 7
1269,Head Over Heels,141, 8, 8
1270,Guardian II - The Revenge of the Mutants,149, 2, 1
1271,Poseidon - Planet Eleven,157, 13, 4
1272,Space Rider,157, 2, 1
1273,Kick Off 2,52,,3
1274,Ski or Die,64,,
1275,Adidas Championship Football,4,,3
1276,Klax,27,,4
1277,Powerboat USA,69, 3, 5
1278,Secret of the Silver Blades,99, 8, 5
1279,Time Soldier,161, 13, 2
1280,Bloodwych,34, 8, 5
1281,Mystere - Fuga dal Castello di Lockness,155, 8, 
1282,Final Lap Twin,162,,5
1283,Milestones,163,,
1284,Mikie,141, 10, 4
1285,Football Manager - World Cup Edition,110,,
1286,Murder,6, 16, 8
1287,Time Machine,1, 13, 4
1288,Flimbo's Quest,25, 8, 1
1289,Adidas Championship Tie Break,4,,2
1290,Shadow Warriors,4,,1
1291,Back to the Future II,114, 13, 
1292,Ivan 'Ironman' Stewart's Super Off Road,84,,4
1293,Deliverance - Stormlord II,10, 8, 1
1294,Monty Python's Flying Circus,84, 10, 1
1295,Dragons of Flame,99, 8, 1
1296,Devil Crash,,,1
1297,StarTrash,121, 13, 8
1298,Heroes,27,,
1299,Golden Axe,84, 8, 1
1300,Lords of Chaos,164, 8, 3
1301,Zombi,140, 11, 5
1302,Subbuteo,165,,2
1303,Snow Strike,6, 4, 9
1304,Rick Dangerous II,144,,3
1305,Atom Ant,157, 10, 1
1306,Cecco's Collection,10,,
1307,TNT,27,,
1308,Formation Soccer - Human Cup 90,166,,3
1309,Cyber Core,167, 13, 2
1310,Midnight Resistance,4, 13, 1
1311,Ninja Spirit,168, 17, 1
1312,Ordyne,162, 2, 1
1313,Power Drift,169,,5
1314,Paranoia,170,,1
1315,R-Type,159, 2, 1
1316,Special Criminal Investigation,4, 14, 5
1317,Creatures,54, 8, 3
1318,Puzznic,4,,4
1319,Lupo Alberto,156, 10, 1
1320,Atomic Robo-Kid,1, 2, 3
1321,Wings of Fury,27, 7, 1
1322,Kamikaze,79, 7, 1
1323,Plotting,4,,4
1324,Teenage Mutant Hero Turtles,150, 10, 4
1325,Fire & Forget II,119, 13, 5
1326,Shadow of the Beast,17, 8, 1
1327,Dragon's Kingdom,155, 8, 3
1328,Goal!,171,,7
1329,Platinum Collection,6,,
1736,Bubble Bobble,7, 8, 4
1331,Don Doko Don,111, 8, 4
1332,Robocop 2,4, 13, 1
1333,Navy Seals,4, 14, 3
1334,Golf,150,,3
1335,Last Ninja Remix,27,,8
1336,Todd's Adventures in Slime World,172, 13, 3
1337,Badlands,27, 13, 4
1338,Days of Thunder,68,,5
1339,Narc,4, 14, 1
1340,The Amazing Spiderman,151, 10, 4
1341,F1 Circus,173,,2
1342,Dragon Breed,1, 8, 1
1343,Teenage Mutant Hero Turtles,34, 10, 3
1344,Turrican II - The Final Fight,121, 13, 3
1345,Columns,149,,4
1346,Welltris,47,,6
1347,Cyberball,27, 13, 2
1348,The Basket Manager,136,,1
1349,Shadow of the Beast,4, 8, 1
1350,Curse of Ra,121,,4
1351,Mean Streets,6, 16, 
1352,Eliminator,53, 2, 5
1353,S.T.U.N. Runner,27, 13, 6
1354,Dodge Ball,149,,4
1355,Steel Eagle,53, 2, 1
1356,Tilt,79,,4
1357,Buck Rogers - Countdown to Doomsday,99, 13, 5
1358,U.N. Squadron,6, 7, 1
1359,Bomber Man,149,,4
1360,Dizzy Collection,79, 8, 
1361,Hollywood Collection,4,,
1362,Challengers,140,,
1363,Top Cat - Beverly Hills Cats,157, 10, 3
1364,Turbo Kart Racer,53,,3
1365,The Spy Who Loved Me,27, 12, 3
1366,Summer Camp,54, 10, 4
1367,Night Shift,6,,4
1368,I Play 3D Soccer,136,,9
1369,Last Ninja III,25, 17, 8
1370,Total Recall,4, 13, 
1371,Line of Fire,6, 14, 
1372,Adventures of Lolo,174, 8, 4
1373,Twinworld,140, 8, 1
1374,Super Monaco GP,6,,5
1375,Gain Ground,149, 13, 3
1376,Saint Dragon,132, 2, 1
1377,Supreme Challenge,148,,
1378,No Exit,175, 13, 1
1379,Dragon Strike,6, 8, 9
1380,Edd the Duck!,176, 10, 1
1381,Full Blast,140,,
1382,Cadash,111, 8, 1
1383,E-Swat,6, 14, 1
1384,Super Cars,17,,3
1385,Judge Dredd,84, 13, 1
1386,Tennis Cup II,122,,4
1387,Back to the Future III,34, 5, 
1388,Ultima VI - The False Prophet,98, 8, 3
1389,Technocop,129, 14, 
1390,The Real Ghostbusters,1, 13, 3
1391,Lotus Esprit Turbo Challenge,17,,5
1392,Turn'n'Burn,177, 2, 4
1393,The Hunt for Red October,80, 3, 1
1394,Galdregon's Domain,53, 8, 9
1395,Hawk Storm,53, 13, 1
1396,SWIV,132, 7, 2
1397,Warlock the Avenger,178, 8, 3
1398,Defenders of the Earth,157, 13, 1
1399,Saracen Paint,156,,4
1400,Parasol Stars,111, 8, 
1401,Skull and Crossbones,27, 6, 1
1402,Death Knights of Krynn,99, 8, 5
1403,Prince of Persia,27, 8, 4
1404,Gremlins II,30, 11, 1
1405,Mighty Bombjack,30,,1
1406,Shadow Dancer,6, 17, 1
1407,Continental Circus,179,,5
1408,F1 GP Circuits,156,,3
1409,Viz,84, 10, 
1410,La Storia Infinita 2,154, 8, 
1411,Narco Police,118, 14, 6
1412,Moonfall,10, 2, 9
1413,Chip's Challenge,6,,4
1414,The Legend of Hero Tonma,168, 8, 3
1415,Duck Tales,14, 10, 1
1416,Delta,129, 2, 1
1417,Duck Tales,180, 10, 
1418,Lords of Doom,181, 11, 9
1419,Predator II,34, 13, 9
1420,Pick'n'Pile,140,,
1421,Over the Net,155,,4
1422,North & South,47, 7, 
1423,Star Control,69, 2, 
1424,Ninja Rabbits,134, 17, 4
1425,Final Match Tennis,166,,4
1426,Supremacy,84, 2, 
1427,Gauntlet III - The Final Fight,6, 8, 3
1428,Licence to Kill,141, 12, 2
1429,S.D.I.,141, 2, 4
1430,The System 3 Premier Collection,25,,
1431,Pac-Mania,182,,7
1432,Winning Team,27,,
1433,Elvira - Mistress of the Dark,177, 11, 5
1434,Hawkeye,129, 13, 1
1435,Spitting Image,141, 10, 4
1436,Atomino,95,,4
1437,Mercs,6, 7, 3
1438,The Power,183,,4
1439,World Championship Soccer,30,,3
1440,England Championship Special,80,,2
1441,Gem'X,183,,4
1442,Extreme,13, 13, 3
1443,Logical,121,,4
1444,HeroQuest,17, 8, 8
1445,Exile,113, 2, 1
1446,Wrath of the Demon,184, 8, 1
1447,500cc. Motomanager,136,,5
1448,Warm Up,155,,3
1449,Security Alert,36, 16, 
1450,Arkanoid II - Revenge of Doh,141, 13, 4
1451,Moto Roader II,185,,3
1452,Phantasy Star,40, 8, 9
1453,Turbo Charge,25, 14, 5
1454,Mega Phoenix,118, 2, 4
1455,Pang,4,,4
1456,Jahangir Khan World Championship Squash,186,,8
1457,Logical,121,,4
1458,Switchblade,17, 12, 3
1459,Manchester United Europe,186,,1
1460,Interchange,157,,4
1461,Out Run Europa,6, 14, 5
1462,Rod-Land,132, 8, 4
1463,Spike in Transylvania,79, 8, 4
1464,Multimixx 3,129,,
1465,3D Construction Kit,27,,9
1466,R.B.I. Baseball 2,27,,3
1467,Rubicon,187, 13, 1
1468,The Ball Game,188,,8
1469,Bubble Bobble,141, 8, 4
1470,Forgotten Worlds,14, 2, 1
1471,R-Type,168, 2, 1
1472,Terminator II - Judgment Day,4, 13, 
1473,Darkman,4,,1
1474,Speedball 2,34, 13, 3
1475,Last Battle,30, 17, 1
1477,Volfied,151,,4
1478,Swap,21,,4
1479,Big Game Fishing,136, 3, 5
1480,I Play Football Champ,136,,9
1481,Renegade III - The Final Chapter,141,,1
1482,The Untouchables,141, 14, 
1483,Addicted Fun,4,,
1484,Grandstand,27,,
1485,Ultimate Collection,140,,
1486,Virtual Worlds,27,,
1487,Final Fight,6, 13, 1
1488,Mindbender,17,,4
1489,Rugby - The World Cup,27,,3
1490,Gateway to the Savage Frontier,99, 8, 5
1491,The Magic Candle,189, 8, 3
1492,The Keys to Maramon,189, 8, 3
1493,Rings of Medusa,181, 8, 
1494,Super Sim Pack,6,,
1495,The Hi Tec Hanna-Barbera Cartoon Character Collection,157, 10, 
1496,American 3D Pool,83,,4
1497,Batman the Movie,4, 10, 3
1498,Turrican,129, 13, 3
1499,Moonwalker,129,,1
1500,Tilt,155,,4
1501,Thunder Jaws,27, 3, 1
1502,Rolling Ronny,84, 10, 1
1503,Stratego,69, 7, 4
1504,World Class Rugby,113,,3
1505,Spot,84,,4
1506,Robozone,34, 13, 1
1507,Chevy Chase,157,,5
1508,Capcom Collection,6,,
1509,Chart Attack,17,,
1510,James Bond Collection,27, 12, 
1511,Movie Premiere,30,,
1512,Strip Poker II,145, 15, 4
2020,Chiller,12, 11, 4
1514,Hudson Hawk,4, 12, 3
1515,Final Blow,132,,4
1516,Battle Command,4, 7, 9
1517,Road Runner,157, 10, 1
1518,Teenage Mutant Hero Turtles,114, 10, 1
1519,Double Dragon III - The Rosetta Stone,132,,1
1520,Pit-Fighter,27,,4
1521,Elvira - The Arcade Game,177, 11, 3
1522,Smash TV,4,,4
1523,WWF Wrestlemania,4,,4
1524,Dylan Dog - Gli Uccisori,136, 11, 1
1525,Super Sega,6,,
1526,Operation Thunderbolt,141, 7, 5
1527,ATF,145, 4, 9
1528,Tarzan Goes Ape!,79,,3
1529,Quattro Fantastic,79,,
1530,X-Out,129, 2, 1
1531,Stunt Car Racer,129,,9
1532,CJ in the USA,79,,3
1533,Alien Storm,6, 13, 1
1534,The Simpsons - Bart vs. the Space Mutants,4, 10, 1
1535,Super Space Invaders,27, 2, 4
1536,The Blues Brothers,119,,1
1537,The Cycles,69,,5
1538,Jonny Quest,157, 10, 1
1539,Cisco Heat,114, 14, 5
1540,The Fun Force 3,129,,
1541,Super Heroes,27,,
1542,Ninja Collection,4,,
1543,Cartoon Collection,79, 10, 
1544,Air Sea Supremacy,140,,
1545,The Jetsons,157, 10, 1
1546,International Ninja Rabbits,134, 17, 4
1547,Catalypse,155, 2, 1
1548,Shinobi,190, 17, 3
1549,Spellfire the Sorcerer,79, 8, 1
1550,Double Dragon II - The Revenge,190,,1
1551,Barbarian II - The Dungeon of Drax,129, 8, 4
1552,Continental Circus,190,,5
1553,Round the Bend,176,,4
1554,The Sword and the Rose,79, 11, 4
1555,Multimixx 4,129, 8, 3
1556,Quattro Fighters,79,,
1557,Scooby & Scrappy Doo,157, 10, 3
1558,Yogi's Great Escape,157, 10, 1
1559,Power Hits,1,,
1560,Lemmings,95,,4
1561,Indy Heat,132,,4
1562,Catalypse,155, 2, 1
1563,Retee!,156,,1
1564,PP Hammer,183,,3
1565,Clik Clak,156,,4
1566,Arachnophobia,119, 11, 4
1567,Neighbours,176,,3
1568,Potsworth & Co.,157, 10, 1
1569,1000 Miglia,136,,5
1570,Italia '90,190,,3
1571,2  Hot 2 Handle,4,,
1572,TNT 2 Double Dynamite,27,,
1573,Big Nose's American Adventure,79,,1
1574,Future Bike Simulator,157, 13, 5
1575,Chuck Rock,155,,1
1576,Space Gun,4, 2, 9
1577,5th Anniversary,149,,
1578,Sport Games Hits,140,,
1579,50 Incredibili Giochi,191,,
1580,Vendetta,129, 12, 
1581,Robocop,129, 13, 1
1582,Hard Drivin',141,,9
1583,Navy Moves,129, 3, 1
1584,Action Fighter,129, 12, 2
1585,Rick Dangerous,129,,3
1586,The Hunt for Red October,192, 3, 
1587,Soccer PInball,79,,4
1588,Murray Mouse Super Cop,79, 10, 1
1590,Alienworld,157, 2, 1
1591,Winter Camp,54, 10, 1
1592,Basket Play-Off,136,,1
1593,Covergirl Strip Poker,132, 15, 4
1594,Championship of Europe,156,,3
1595,Augie Doggie and Doggie Daddy,157, 10, 1
1596,Manchester United Football Club,186,,3
1597,Multimixx 5,129,,
1598,The Flintstones,111, 10, 1
1599,Salomon's Club,193, 8, 4
1600,Shadow Warriors,193,,1
1601,Adventures of Lolo,149, 8, 4
1602,Probotector,194, 13, 1
1603,The Addams Family,4, 11, 1
1604,Creatures II - Torture Trouble,54,,4
1605,Die Hard 2 - Die Harder,80, 14, 1
1606,Winter Supersports '92,177,,
1607,Golden Axe,190, 8, 1
1608,Myth,129, 8, 1
1609,Dragons of Flame,129, 8, 1
1610,Blue Shadow,111, 17, 1
1611,Megaman 2,14, 13, 1
1612,Paperboy 2,68,,7
1613,Castelian,132,,3
1614,Space Crusade,17, 13, 8
1615,G-Loc R360,6, 4, 9
1616,Bonanza Bros,6,,1
1617,James Pond II - Codename Robocod,178, 10, 1
1618,Addicted to Fun - Sports Collection,4,,
1619,Super Cars,195,,3
1620,International 3D Tennis,195,,4
1621,Terminator 2,196, 13, 
1622,Jackie Chan's Action Kung Fu,159, 17, 1
1623,Super Kick Off,52,,3
1624,Boxing Champion,136,,4
1625,Budokan,64, 17, 4
1626,Megasports,6,,
1627,The Cool Croc Twins,151, 10, 4
1628,Narco Police,195, 14, 6
1629,European Football Champ,27,,1
1630,Kabuki Quantum Fighter,149, 17, 1
1631,Whacky Race,197, 10, 3
1632,Turrican,69, 13, 3
1633,Hudson Adventure Island II,159, 8, 1
1634,Dr. Franken,30, 11, 1
1635,Jordan vs. Bird One on One,64,,
1636,Isolated Warrior,149, 13, 7
1637,Mercenary Force,198, 17, 1
1638,Block Dizzy,200,,4
1639,Elvira II,177, 11, 5
1640,Football Fortunes 2,139,,4
1641,Tai-Chi Tortoise,83, 17, 3
1642,Super Monaco GP,129,,5
1643,The Sword of the Samurai,83, 17, 1
1644,Hit Pack 1,83,,
1645,Smash TV,201,,4
1646,Elite,149, 2, 9
1647,Konami Hypersoccer,15,,3
1648,Star Wars,18, 2, 
1649,Prince of Persia,149, 8, 3
1650,Blades of Steel,194,,1
1651,Super Hunchback,149, 9, 1
1652,Elevator Action,149, 12, 2
1653,Dynamo,79, 8, 4
1654,Crazy Cars III,119,,6
1655,Moontorc,83, 8, 1
1656,Jahangir Khan World Championship Squash,186,,8
1657,Microprose Soccer,67,,3
1658,Greystorm,149, 13, 1
1659,Crack Down,129, 14, 3
1660,Arnie,83, 7, 1
1661,Q10 Tankbuster,83, 7, 1
1662,Robocop 3,4, 13, 1
1663,Lemmings,4,,4
1664,Pop Up,47,,4
1665,WWF 2,196,,4
1666,Super Q*Bert,149,,8
1667,Burger Time Deluxe,16,,4
1668,Super Turrican,202, 13, 3
1669,Dig Dug,203,,4
1670,Turtles 2,149, 10, 1
1671,Wave Race,150, 3, 
1672,Rampart,27, 9, 4
1673,Cool World,4, 10, 1
1674,Stuntman Seymour,79,,1
1675,Spellbound Dizzy,79, 8, 4
1676,Flimbo's Quest,129, 8, 1
1677,Emlyn Hughes International Soccer,113,,1
1678,Combat Pack,83,,
1679,Hook,4, 8, 1
1680,Street Fighter II,6, 17, 4
1681,Bugbomber,204, 13, 4
1682,The Dream Team,4,,
1683,Super Fighter,4,,
1684,Hit Pack 2,83,,
1685,Pro Tennis Tour,141,,4
1686,Pro Golf,205,,4
1687,Solo Flight,129, 4, 5
1688,Strider II,6, 8, 1
1689,The Shoe People,17,,4
1690,WWF European Rampage Tour,4,,4
1691,Lethal Weapon,4, 14, 1
1692,International Sports Challenge,151,,
1693,Globetrotter,205,,1
1694,Dizzy Prince of the Yolkfolk,79, 8, 4
1695,Pipemania,206,,4
1696,Rick Dangerous II,129,,3
1697,F-15 Strike Eagle,149, 4, 9
1698,Dribbling,156,,3
1699,Nick Faldo's Championship Golf,80,,5
1700,I Play 3D Tennis,136,,4
1701,Megacollection,134,,
1702,Game Pack 3,205,,
1703,First Samurai,114, 17, 1
1704,Smash,156,,
1705,Gazza's Super Soccer,195,,
1706,Out Run Europa,129, 14, 5
1707,Bubble War,147, 8, 2
1708,Massimo Marchese Show II,147, 16, 9
1709,Battaglia Navale,147, 3, 4
1710,Goldon'azz,147, 10, 2
1711,McDonaldLand,84,,1
1712,Mega Offerta CTO,64,,
1713,Table Tennis,83,,4
1714,Last Ninja 2,25,,8
1715,Sleepwalker,4,,1
1716,Nobby the Aardvark,54, 10, 1
1717,International Tennis,83,,4
1718,Rod-Land,129, 8, 4
1719,Trolls,177, 8, 1
1720,Pik & Pok,147, 2, 4
1721,Top Manager,147,,4
1722,Ugh!,207,,4
1723,Bad Enemies,147,,4
1724,Liverpool,80,,3
1725,Alien 3,84, 11, 1
1726,James Pond,64, 3, 1
1727,Bonanza Bros,40,,1
1728,Arcus Odyssey,208, 8, 7
1729,Baseball Stars Professional,209,,7
1730,Dick Tracy,149, 14, 1
1731,Wrestleball,203, 13, 3
1732,Klax,162,,4
1733,Top Player Golf,209,,3
1734,Riding Hero,209,,6
1735,Ghouls'n'Ghosts,14, 11, 1
1737,Re-bounder,17,,2
1738,Black Magic,6, 8, 3
1739,Game Over,22, 13, 1
1740,Mega-Apocalypse,5, 2, 2
1741,The Tube,56, 13, 9
1742,Deceptor,6, 13, 1
1743,Hysteria,49, 8, 1
1744,Deathwish III,17, 14, 4
1745,Street Sports Baseball,81,,3
1746,Last Mission,6, 2, 3
1747,Star Paws,49, 2, 1
1748,Pirates!,67, 6, 4
1749,Evening Star,10, 0, 9
1750,Red L.E.D.,73, 0, 7
1751,Ace 2,85, 4, 9
1752,Laurel & Hardy,210, 10, 4
1753,On the Tiles,7, 0, 1
1754,Football Fortunes,139,,4
1755,The Living Daylights,27, 12, 4
1756,Faery Tale,135, 8, 3
1757,Guild of Thieves,59, 8, 
1758,The Three Musketeers,211, 9, 
1759,Knight Orc,94, 8, 
1760,World Cup Carnival,6, 1, 1
1761,Street Hawk,4, 14, 5
1762,Breakthru,6, 12, 1
1763,America's Cup,6, 3, 3
1764,Master of Magic,12, 8, 3
1765,Ninja,38, 17, 4
1766,Bump Set Spike!,38, 1, 4
1767,The Last V8,26, 14, 3
1768,Octagon Squad,12, 13, 3
1769,Hollywood or Bust,12, 10, 3
1770,Leaderboard Executive Edition,6, 1, 10
1771,Back to Reality,12, 13, 1
1772,The Deeper Dungeons,6, 8, 3
1773,Saracen,6, 8, 3
1774,Delta Wing,26, 4, 5
1775,Countdown to Meltdown,26, 13, 4
1776,Wing Commander,26, 4, 5
1777,Knight Tyme,26, 13, 4
1778,Into Oblivion,26, 13, 1
1779,Cave Fighter,12, 8, 1
1780,Phantom of the Asteroid,12, 13, 3
1781,Demons of Topaz,12, 13, 1
1782,Rasputin,7, 9, 4
1783,Gerry the Germ,7, 10, 4
1784,Costa Capers,7, 1, 4
1785,Comet,7, 13, 2
1787,America's Favourite + Big Value Choice,6, 1, 3
1788,Tank,4, 7, 3
1789,6-Pak vol. 2,30, 1, 3
1790,Where Time Stood Still,4, 13, 7
1791,Best of Elite Vol. 1,30, 1, 3
1792,Best of Elite Vol. 2,30, 1, 3
1793,Bocce,133, 1, 4
1794,Tombola,133, 1, 4
1795,Jackal,15, 7, 2
1796,Phantis,4, 2, 1
1797,Captain America in: The Doom Tube of Dr. Megaloman,6, 13, 4
1798,Ramparts,77, 9, 4
1799,Flashpoint,4, 2, 4
1800,Iron Horse,15, 5, 1
1802,Passeggeri del Vento,47, 6, 4
1803,BMX Simulator,79, 1, 4
1804,Aaargh!,9, 13, 4
1805,Wizard Warz,77, 8, 3
1806,Yogi Bear,212, 10, 1
1807,Street Sports Basketball,6, 1, 1
1808,Eye,213, 1, 4
1809,Galactic Invasion,1, 2, 9
1811,Romantic Encounters at the Dome,1, 1, 4
1812,Firepower,1, 7, 3
1813,Pool of Radiance,6, 8, 9
1814,Chubby Gristle,80, 1, 4
1815,Final Assault,6, 1, 1
1816,Realm of the Trolls,6, 8, 3
1817,Ultimate Golf,17, 1, 10
1818,Puffy's Saga,140, 8, 3
1819,Qin,172, 17, 4
1820,Mega Games Volume One,17,,
1821,Karate Ace,17,,
1822,Action ST,17,,
1823,Space Ace,17,,
1824,History in the Making,6,,
1825,Joan of Arc,6, 9, 4
1826,Italy '90 Soccer,136, 1, 1
1827,Vindicators,27, 13, 2
1828,Kung Fu,150, 17, 1
1829,Baseball,150, 1, 
1830,Gumshoe,150, 12, 
1831,Excitebike,150, 1, 1
1832,Hogan's Alley,150, 14, 4
1833,Golf,150, 1, 
1834,R.C. Pro-Am,150, 1, 
1835,Kid Icarus,150, 8, 
1836,Battlehawks 1942,6, 7, 9
1837,Skweek,122,,4
1838,Indiana Jones and the Last Crusade - the Graphic Adventure,6, 12, 1
1839,Waterloo,34, 7, 8
1840,Xenon II - Megablast,34, 2, 2
1841,Yie Ar Kung-Fu,141, 17, 4
1842,Miami Vice,141, 14, 2
1843,Green Beret,141, 7, 1
1844,Knight Force,119, 8, 4
1845,Ice Hockey,150, 1, 
1846,Rad Racer,150, 1, 10
1847,Rush'n'Attack,150, 7, 1
1848,The Story So Far Vol 1,30,,
1849,The Story So Far Vol 3,30,,
1850,Road Runner,129, 10, 1
1851,Super Cycle,129,,10
1852,Epyx Action,6,,
1853,Their Finest Hour - The Battle of Britain,6, 4, 5
1854,Stellar Crusade,99, 13, 
1855,Sword of Aragon,99, 9, 4
1856,Pinball Magic,122,,
1857,Track Attack,122, 7, 
1858,Batman,141, 10, 8
1859,Match Point,141,,4
1860,World Series Baseball,141,,4
1861,Tennis,141,,
1862,Crazy Cars,141,,5
1863,Slalom,150,,
1864,Gun.Smoke,150, 5, 2
1865,Skate of the Art,154,,
1866,Laser Squad,164, 13, 3
1867,Fast Lane,131,,
1868,Paladin,215, 8, 
1869,Breach,215, 13, 
1870,Swords of Twilight,64, 8, 
1871,Dr. Doom's Revenge,151, 10, 3
1872,Kenny Dalglish Soccer Match,216,,3
1873,Fallen Angel,217,,1
1874,The Seven Gates of Jambala,80, 8, 1
1875,Wild Streets,119,,1
1876,Beverly Hills Cop,11, 14, 
1877,Greg Norman's Ultimate Golf,17,,10
1878,Mike Tyson's Punch Out,150,,10
1879,Pro-Wrestling,150,,
1880,First Person Pinball,11,,
1881,Ringwars,85, 2, 9
1882,International Karate +,141, 17, 4
1883,Combat School,141, 7, 
1884,Super Hang-On,141,,10
1885,Arkanoid,141, 13, 4
1886,F-16 Combat Pilot,13, 4, 9
1887,Beyond the Ice Palace,128, 8, 3
1888,Ikari Warriors,128, 7, 2
1889,Wonderboy,128, 8, 1
1890,Sly Spy Secret Agent,4, 12, 
1891,World Cup Year 90 Compilation,151,,
1892,The Persian Gulf Inferno,93, 7, 1
1893,Lost Dutchman Mine,218, 5, 
1894,Hyperaction,216,,
1895,Italy 1990,6,,3
1896,Dynasty Wars,6, 17, 1
1897,Match Day,141,,1
1898,Parallax,141, 2, 3
1899,Wonderboy,141, 8, 1
1900,F29 Retaliator,4, 4, 9
1901,Kind of Magic 2,93,,
1902,Domination,93, 13, 8
1903,U.S.S. John Young,93, 3, 4
1904,Loom,18, 8, 1
1905,Knights of the Crystallion,6, 8, 7
1906,Sherman M4,122, 7, 9
1907,After the War,118, 13, 1
1908,European Superleague,139,,4
1909,The Vindicator!,141, 13, 
1910,Match Day II,141,,1
1911,Nemesis,141, 2, 1
1912,Time Scanner,141,,4
1913,Shao-Lin's Road,141, 17, 4
1914,Rotox,6, 2, 
1915,Atomix,6,,3
1916,Nightbreed,4, 11, 4
1917,Formula 1 3D,136,,9
1918,Operation Stealth,6, 16, 3
1919,The Gold of the Aztecs,6, 16, 1
1920,Future Wars,6, 13, 3
1921,Operation Harrier,6, 4, 2
1922,Italy 1990 Winners Edition,6,,3
1923,Heatseeker,54, 8, 1
1924,Venom Wing,54, 2, 1
1925,Chase H.Q. II,4, 14, 10
1926,Mad Professor Mariarti,186,,3
1927,Vaxine,6,,6
1928,System 3 Compilation,6,,
1929,Sega Master Mix,6,,
1930,Sporting Gold,6,,
1931,Crime Wave,6, 14, 1
1932,Renegade Legion: Interceptor,6, 13, 4
1933,Shadow Sorcerer,6, 8, 8
1934,Eye of the Beholder,6, 8, 5
1935,The Legend of Billy Boulder,6, 8, 6
1936,King's Bounty,6, 8, 4
1937,Rogue Trooper,186, 7, 3
1938,California Games,129,,
1939,Tiger Road,129, 17, 1
1940,Quedex,129, 2, 2
1943,Necronom,154, 2, 1
1941,The Games - Winter Edition,129,,
1942,Out Run,129,,10
1944,Legend of the Lost,216, 16, 1
1945,Run the Gauntlet,141,,3
1946,Star Wars,141, 2, 3
1947,Salamander,141, 2, 1
1948,Daley Thompson's Olympic Challenge,141,,
1949,Rastan,141, 8, 3
1950,Profezia,155, 9, 4
1951,Soccer Mania,110,,
1952,Vector Championship Run,176,,9
1953,Crazy Cars II,119,,10
1954,World of Sports,6,,
1955,Botics,186, 13, 8
1956,Sarakon,84, 17, 4
1957,Escape from Colditz,219, 7, 7
1958,Cruise for a Corpse,6, 16, 3
1959,World Championship Boxing Manager,165,,4
1960,Toki,4, 10, 3
1961,Power Up,4,,
1962,Quick Draw McGraw,157, 10, 1
1963,Hydra,27, 3, 10
1964,Gryzor,141, 13, 3
1966,Vindicators,141, 13, 2
1965,Dragon Ninja,141, 0, 1
1967,Red Heat,141, 14, 1
1968,APB,141, 14, 3
1969,Ghostbusters,141, 13, 4
1970,Football Champ,136,,9
1971,Populous,64, 1, 8
1972,The Hits 2,54,,
1973,Mega Twins,6, 8, 3
1974,Speedball,84, 13, 3
1975,Captain Planet and the Planeteers,68, 13, 3
1976,Addicted to Fun - Ninja Collection,4,,1
1977,Back to the Future II,114, 13, 
1978,Kick Off,150,,1
1979,Shadow of the Beast,182, 8, 1
1980,Sturmtruppen,156, 10, 1
1981,Robocop 2,150, 13, 1
1982,Dynablaster,159, 8, 4
1983,European Championship 1992,30,,3
1984,Xenon 2 - Megablast,114, 2, 2
1985,Hagar the Horrible,204, 9, 3
1986,Joe & Mac : Caveman Ninja,30,,
1987,Indiana Jones and the Fate of Atlantis,64, 16, 1
1988,Paperboy,150,,7
1989,Indiana Jones and the Fate of Atlantis,6, 16, 7
1990,Gridiron Fight,41, 0, 2
1991,Armored Scrum Object,209, 2, 2
1992,Mini Golf,220,,4
1993,Marble Madness,172,,7
1994,Batman Returns,172, 10, 3
1995,Marble Madness,150,,7
1996,Battletoads,221, 10, 3
1997,Sneaky Snakes,221,,1
1998,Back to the Future III,114, 5, 1
1999,Elite,202, 2, 9
2000,Smash TV,201, 13, 8
2001,Wizards & Warriors III,201, 8, 1
2002,F-15 Strike Eagle,67, 4, 9
2003,Prince of Persia,68, 8, 3
2004,The Blues Brothers,119,,
2005,Hook,4, 8, 3
2006,The Addams Family,4, 11, 1
2007,Bruce Lee,104, 17, 4
2008,Robin of the Wood,222, 9, 4
2009,Tapper,6,,4
2010,Pac-Man,242,,4
2011,Roller Coaster,30,,4
2012,Wizard's Lair,103, 8, 4
2013,Gyroscope,9,,7
2014,Kung-Fu Master,6, 17, 1
2015,Three Weeks in Paradise,223,,1
2016,Mordon's Quest,9,,4
2017,Castle of Terror,9, 11, 4
2018,Worm in Paradise,94, 8, 4
2019,Bounty Bob Strikes Back,6,,4
2021,Hacker,1, 12, 4
2022,Price of Magik,94, 8, 4
2023,The Snow Queen,224, 8, 4
2024,Psi Warrior,32, 13, 1
2025,Knight Lore,24, 8, 8
2026,Paradroid,10, 13, 3
2028,Solomon's Key,193, 8, 4
2029,Borrowed Time,1,,4
2030,Escape from Pulsar 7,225, 13, 4
2031,Circus,225, 16, 4
2032,Slap Fight,111, 4, 2
2033,Starquake,103, 13, 4
2034,Arcana,226, 8, 1
2035,Equinox,223, 13, 4
2036,Lords of Midnight,32, 8, 4
2037,Beach Head,6, 7, 4
2038,Toadrunner,57,,
2039,Boulder Dash,36, 13, 3
2040,Zorro,104, 5, 4
2041,The Hitchhiker's Guide To The Galaxy,43, 13, 4
2042,Hunchback,4, 9, 4
2043,Skool Daze,227, 1, 1
2044,Jetpac,24, 13, 4
2045,The Fantastic Four,, 13, 4
2046,Spider-Man,19, 10, 4
2047,Sky Jaguar,15, 4, 2
2048,Dracula,42, 11, 4
2049,Terra Cresta,22, 2, 2
2050,Nightshade,7, 11, 8
2051,Perseus & Andromeda,225, 8, 4
2052,The Institute,,,4
2053,The Golden Baton,225, 8, 4
2054,Masquerade,230, 16, 4
2055,Athletic Land,15,,1
2056,Attila,15, 8, 2
2057,Sherlock,9, 16, 4
2058,Red Moon,94, 8, 4
2059,Witch's Cauldron,223, 11, 4
2060,Planetfall,43, 13, 4
2061,Sorcerer,43, 8, 4
2062,Hades Nebula,33, 2, 2
2063,Uridium Plus,10, 2, 1
2064,Mopiranger,15, 8, 4
2065,Toadforce,53, 2, 1
2066,The Rocky Horror Show,42, 11, 8
2067,Nodes of Yesod,222, 2, 4
2068,Starcross,43, 13, 4
2069,Wishbringer,43, 8, 4
2070,Legend of Kage,22, 17, 1
2071,Sabre Wulf,7,,4
2072,Dynamite Dan,34, 13, 10
2073,Hyper Rally,15,,10
2074,King's Valley,15, 16, 4
2075,Action Biker,12,,7
2076,Ancipital,231, 13, 4
2077,The Arc of Yesod,222, 13, 1
2078,Attack of the Mutant Camels,231, 2, 1
2079,Batalyx,231, 13, 4
2080,Black Hawk,232, 4, 2
2081,Blue Max,6, 4, 7
2082,BMX Racers,12,,2
2083,Brian Bloodaxe,234, 9, 4
2084,Buck Rogers,6, 2, 6
2085,Bug Blaster,66,,4
2086,Cavelon,4, 9, 1
2087,The Caverns of Eriban,7, 2, 1
2088,Caverns of Sillahc,235, 2, 1
2089,China Miner,235,,4
2090,Chuckie Egg,61,,4
2091,Chuckie Egg II,61,,4
2092,Comic Bakery,22,,1
2093,Crazy Comets,5, 2, 2
2094,Infidel,43,,4
2095,Microrhythm,7,,
2096,Cybotron,236, 13, 4
2097,Cylu,7, 13, 8
2098,Dare Devil Denis - The Sequel,237,,1
2099,Denarius,7, 2, 2
2100,Dropzone,6, 2, 1
2101,Druid,7, 8, 3
2102,Electrix,53,,
2103,Deliverance,238, 13, 1
2104,Elidon,239, 8, 4
2105,Enforcer,238, 13, 3
2106,Exolon,10, 13, 4
2118,Orpheus in the Underworld,241, 16, 4
2108,Falcon Patrol,84, 7, 1
2109,Falcon Patrol II,84, 7, 1
2110,Flak,240, 7, 2
2111,Freak Factory,7,,1
2112,Frost Byte,223,,4
2113,Gilligan's Gold,4, 14, 4
2114,Haunted House,66, 11, 4
2115,He-Man,6, 8, 1
2116,Hercules,39, 8, 4
2117,Highnoon,4, 5, 4
2120,Pod,12, 13, 4
2121,Poster Paster,243,,4
2122,Quintic Warrior,56, 13, 4
2123,Quo Vadis,234, 9, 3
2124,Red Max,79,,3
2125,Repton 3,244,,3
2126,Rocket Ranger,66, 13, 3
2127,Shadowfire,32, 13, 4
2128,Split Personalities,27,,4
2129,Spooks,12, 16, 4
2130,Spy Hunter,6, 12, 2
2131,Staff of Karnath,24, 11, 7
2132,Stealth,245, 13, 6
2133,Strangeloop,84, 13, 4
2134,Taskmaster,232, 9, 4
2135,Terminator,238, 2, 1
2137,The Trap Door,212,,4
2138,Underwurlde,7, 16, 4
2139,Up'n'Down,6,,2
2140,Warhawk,7, 2, 2
2141,Whirlinurd,6,,1
2142,Who Dares Wins II,66, 7, 2
2143,Z,2, 2, 3
2144,Zodiac,236,,1
2145,Zynaps,10, 2, 1
2146,Zyron's Escape,247, 13, 3
2147,Superman,36, 13, 
2148,Hover Bovver,231,,4
2149,Hunter Patrol,12, 7, 6
2150,Hyper Circuit,66, 13, 3
2151,Imhotep,24, 8, 1
2152,Jeep Command,3, 7, 1
2153,Killerwatt,66, 13, 1
2154,Kong,236,,4
2155,Lazy Jones,248,,4
2156,Lightforce,100, 2, 2
2157,1985,12, 2, 1
2158,Moon Buggy!,236, 13, 1
2159,Motor Mania,249,,2
2160,Mutant Monty,250,,4
2162,Nonterraqueous,12, 13, 4
2163,Arcade Classics,7,,
2165,Spellbreaker,43, 8, 4
2166,River Raid,1, 7, 2
2167,Zenji,1,,4
2168,Pitfall,1,,4
2169,Pitfall II,1,,4
2170,Beamrider,1, 2, 4
2171,Abu Simbel Profanation,118, 16, 4
2174,Football Frenzy,89,,4
2173,Uninvited,68, 11, 4
2175,Rigel's Revenge,12, 13, 4
2176,Zzzz,12,,4
2177,Strip Poker,251,,4
2178,Hydrofool,100, 3, 8
2179,Frogger,15,,4
2180,Mach,252, 2, 3
2181,Play It Again Sam,26, 16, 4
2182,Tanium,53, 2, 1
2183,Skate or Die!,64,,3
2184,Bosconian 87,12, 2, 3
2185,Druid II: Enlightenment,7, 8, 3
2186,How to Be a Complete Bastard,84, 0, 1
2187,Nosferatu the Vampyre,212, 11, 8
2188,Orbix the Terrorball,253, 13, 7
2189,Phantom Club,4, 13, 8
2190,Xecutor,254, 2, 2
2191,Pippols,15,,4
2192,Eggerland Mystery,174, 8, 4
2193,Galaga,203, 2, 4
2194,Bosconian,203, 2, 3
2195,Sorcerer of Glaymorgue Castle,19, 8, 4
2196,Bard's Tale II - The Destiny Knight,64, 8, 5
2197,Stormbringer,26, 8, 4
2198,Mystery of the Nile,7,,1
2199,The Goonies,15,,1
2200,Super Robin Hood,79, 9, 3
2201,Thrust II,7, 2, 3
2202,Octapolis,23, 13, 4
2203,Poltergeist,79, 2, 1
2204,The Big KO,11,,4
2205,Zork II - The Wizard of Frobozz,255, 8, 4
2206,Kaos,143, 13, 4
2207,Kaos 2,143,,
2208,Deviants,53, 7, 4
2209,Batty,256, 12, 4
2210,Gribbly's Special Day Out,10, 13, 1
2211,N.O.M.A.D.,4, 2, 4
2212,Tom Thumb,236, 0, 1
2213,Crosswize,7, 2, 1
2214,Sabotage,83, 2, 2
2215,Dark Side,51, 13, 9
2216,Virus,7, 13, 6
2219,Cauldron,21, 11, 3
2218,Land of Neverwhere,238, 13, 1
2220,Bulldog,17, 2, 2
2221,Battle Valley,91, 7, 1
2222,Pulse Warrior,12, 2, 4
2223,Highlander,4, 9, 4
2224,Demon's Winter,99, 8, 3
2225,Pyjamarama!,223,,4
2227,Action Fighter,40, 12, 2
2228,Super Mario Bros,150, 8, 1
2229,Legend of Zelda,150, 8, 3
2230,Transbot,40, 13, 9
2231,Kings of the Beach,64,,4
2232,Pro Boxing Simulator,79,,4
2233,Cyberdyne Warrior,10, 13, 3
2234,Valis II,, 8, 3
2235,Castlevania,15, 11, 3
2236,Ms. Pac-Man,172,,4
2237,Gates of Zendocon,172, 2, 
2238,Arcade Fruit Machine,83,,4
2239,Bloody Wolf,16, 7, 1
2240,Magicland Dizzy,79, 8, 4
2241,Loopz,113,,4
2242,"Snake, Rattle & Roll",150,,7
2243,Blue Lightning,172, 4, 
2244,International Basketball,255,,1
2246,Shangai Warriors,53,,1
2247,Hellhole,42, 13, 1
2248,Ruff and Reddy in the Space Adventure,157, 13, 4
2249,Castle Master II - The Crypt,27, 16, 9
2250,Superleague Soccer,216,,4
2251,F1 Tornado,83, 7, 1
2252,Street Rod,258,,
2253,Fantasy World Dizzy,79, 8, 4
2254,The Neverending Story II,154, 8, 1
2255,Back to the Future,35, 13, 10
2256,Great Gurianos,30, 8, 1
2257,Beach Volley,4, 0, 4
2258,BoneCruncher,244, 8, 3
2259,Test Drive II,69,,9
2260,Ricochet,7,,4
2261,Yogi Bear and Friends: The Greed Monster,157, 10, 10
2262,Spooky Castle,205, 8, 4
2263,Shangai Karate,53, 17, 
2264,Sexy Breakout,259, 15, 4
2265,Troyan Warrior,,,
2266,Gyruss,260, 2, 4
2267,Super Pipeline,243,,4
2268,Suicide Strike,190, 4, 5
2269,Who Dares Wins,66, 7, 2
2270,Count Duckula,89, 11, 4
2271,Skyjet,12, 4, 1
2272,Sorcery,84, 8, 4
2273,Spore,12, 13, 
2274,Stunt Bike Simulator,109,,1
2276,Jet Set Willy II,49,,4
2277,Zaxxon,6, 2, 7
2278,River Rescue,261, 3, 1
2279,Road Racer,261,,10
2280,Jet Set Willy,49,,4
2281,Lunar Jetman,24, 2, 4
2282,Color Buster,262, 2, 
2283,Fly Harder,181, 2, 3
2284,Josh,262,,3
2285,Crystal Kingdom Dizzy,79, 8, 4